question_id,k,primary_category,complexity,question,reference_answer,evidence_status_heuristic,evidence_reference_overlap,generated_answer,abstained,answer_correctness_heuristic,failure_type,retrieved_source_documents,retrieved_source_pages,total_tokens
EQ002,1,Definition,Low,What is operational technology (OT) according to the NIST definition described by GAO?,"OT is a broad range of programmable systems and devices that interact with the physical environment, including systems that monitor or control devices, processes, and events.",not_detected_manual_review,0.2143,The available documents do not contain enough information to answer this question.,True,incorrect_abstention,retrieval_or_evidence_failure,d24106576.pdf,45,247
EQ002,2,Definition,Low,What is operational technology (OT) according to the NIST definition described by GAO?,"OT is a broad range of programmable systems and devices that interact with the physical environment, including systems that monitor or control devices, processes, and events.",not_detected_manual_review,0.2143,The available documents do not contain enough information to answer this question.,True,incorrect_abstention,retrieval_or_evidence_failure,d24106576.pdf,45; 9,389
EQ002,3,Definition,Low,What is operational technology (OT) according to the NIST definition described by GAO?,"OT is a broad range of programmable systems and devices that interact with the physical environment, including systems that monitor or control devices, processes, and events.",not_detected_manual_review,0.2143,The available documents do not contain enough information to answer this question.,True,incorrect_abstention,retrieval_or_evidence_failure,d24106576.pdf,13; 45; 9,452
EQ003,8,Policy,Medium,What information-security responsibilities does the head of a federal agency have under the FISMA framework described by GAO?,"The head of each federal agency has overall responsibility for providing appropriate information-security protections for the agency's information and systems, including those operated by others on the agency's behalf; the head must also ensure senior officials provide security for systems under their control, while the CIO is delegated authority to ensure compliance.",likely_present_lexical,1.0,"The text appears to be a summary of a report by the United States Government Accountability Office (GAO) regarding federal information security issues. The GAO is an independent agency in the legislative branch of the federal government that examines how taxpayer dollars are spent and advises lawmakers and agency heads on ways to make government work better.

The report highlights several challenges facing federal agencies, including:

1. Inconsistent implementation of risk-based information security programs.
2. Limited capabilities for detecting, responding to, and mitigating cyber incidents.
3. Insufficient cybersecurity workforce and training efforts.

To address these challenges, the GAO recommends that agencies take various actions, such as:

1. Fully implementing event logging requirements.
2. Improving incident response capabilities.
3. Enhancing cybersecurity workforce and training efforts.

The report also notes that federal entities have ongoing efforts to assist in addressing these challenges, including onsite cyber incident response assistance from the Cybersecurity and Infrastructure Security Agency (CISA) and enhancements to a cyber threat information sharing platform.

Overall, the report aims to provide guidance and recommendations to agencies on how to improve their cybersecurity posture and address the growing threats facing federal systems.",False,manual_review,manual_review,d24105658.pdf; gao-16-885t.pdf,10; 12; 2; 3; 7; 8; 9,2280
EQ003,9,Policy,Medium,What information-security responsibilities does the head of a federal agency have under the FISMA framework described by GAO?,"The head of each federal agency has overall responsibility for providing appropriate information-security protections for the agency's information and systems, including those operated by others on the agency's behalf; the head must also ensure senior officials provide security for systems under their control, while the CIO is delegated authority to ensure compliance.",likely_present_lexical,1.0,"I can provide a summary of the report in a neutral tone.

The US Government Accountability Office (GAO) has identified several challenges in addressing cyber threats to federal agencies. The GAO recommends that agencies implement risk-based information security programs, improve their capabilities for detecting and responding to cyber incidents, and expand their cybersecurity workforce and training efforts.

Some key findings include:

* Cyber incidents affecting federal agencies have increased by 1,300% from fiscal year 2006 to fiscal year 2015.
* Agencies face challenges in fully implementing risk-based information security programs, including identifying cyber threats, configuring computer assets securely, patching vulnerable systems, and testing their security on a regular basis.
* The Department of Homeland Security's (DHS) National Cybersecurity and Communications Integration Center plays a critical role in sharing information about cybersecurity risks, incidents, analysis, and warnings for federal and non-federal entities.
* Agencies face challenges in preparing for and responding to cybersecurity incidents, including lack of staff, event logging technical challenges, and limitations in cyber threat information sharing.

The GAO recommends that agencies take several actions to address these challenges, including:

* Implementing risk-based information security programs
* Improving capabilities for detecting and responding to cyber incidents
* Expanding the cybersecurity workforce and training efforts",False,manual_review,manual_review,d24105658.pdf; gao-16-885t.pdf,10; 12; 2; 3; 4; 7; 8; 9,2306
EQ004,1,Procedural,Medium,What activities are required as part of an agency-wide information security program under the FISMA framework?,"The program should include assessing risks; developing and implementing risk-based policies and procedures; providing awareness and specialized training; testing and evaluating security controls; remedying known weaknesses; and detecting, reporting, and responding to security incidents.",not_detected_manual_review,0.24,The available documents do not contain enough information to answer this question.,True,incorrect_abstention,retrieval_or_evidence_failure,gao-16-885t.pdf,10,655
EQ004,2,Procedural,Medium,What activities are required as part of an agency-wide information security program under the FISMA framework?,"The program should include assessing risks; developing and implementing risk-based policies and procedures; providing awareness and specialized training; testing and evaluating security controls; remedying known weaknesses; and detecting, reporting, and responding to security incidents.",possible_present_manual_review,0.48,The available documents do not contain enough information to answer this question.,True,incorrect_abstention,retrieval_or_evidence_failure,gao-16-885t.pdf,10; 7,1208
EQ005,1,Comparison,High,How do CISA's OT cybersecurity products differ from its OT cybersecurity services in terms of purpose?,"CISA provided four OT products: two for sharing cyber-threat information and best practices, and two tools for evaluating OT security practices and analyzing network traffic and logs. It provided nine OT services: four focused on identifying and mitigating vulnerabilities, three on training/exercises/preparation, and two on identifying, analyzing, or responding to malicious activity.",possible_present_manual_review,0.25,The available documents do not contain enough information to answer this question.,True,incorrect_abstention,retrieval_or_evidence_failure,d24106576.pdf,2,288
EQ005,10,Comparison,High,How do CISA's OT cybersecurity products differ from its OT cybersecurity services in terms of purpose?,"CISA provided four OT products: two for sharing cyber-threat information and best practices, and two tools for evaluating OT security practices and analyzing network traffic and logs. It provided nine OT services: four focused on identifying and mitigating vulnerabilities, three on training/exercises/preparation, and two on identifying, analyzing, or responding to malicious activity.",likely_present_lexical,0.8438,"I'm sorry, but I am unable to provide a final answer as there is not enough information provided in the text snippet. The text appears to be an excerpt from a report by the Government Accountability Office (GAO) regarding the Cybersecurity and Infrastructure Security Agency's (CISA) efforts to mitigate cyber threats to operational technology (OT) systems. However, without more context or information about the specific questions or topics being addressed in the report, it is difficult to provide a final answer.

If you could provide more context or clarify what you are looking for, I would be happy to try and assist you further.",False,manual_review,manual_review,d24106576.pdf,2; 25; 30; 4; 46; 56; 60; 62; 65; 9,2174
EQ007,1,Multi-document,High,How do the workforce challenges identified for CISA's OT cybersecurity mission compare with the broader federal cybersecurity workforce challenges identified by GAO?,"Both reports identify shortages of appropriately skilled cybersecurity personnel as a significant constraint. The CISA OT report focuses specifically on insufficient OT expertise and the need to define OT competencies, assess staffing gaps, and develop strategies to fill them; the federal information-security testimony describes broader difficulties recruiting, retaining, and training cybersecurity personnel and developing agency workforce plans.",possible_present_manual_review,0.359,The available documents do not contain enough information to answer this question.,True,incorrect_abstention,retrieval_or_evidence_failure,d24106576.pdf,33,627
EQ007,2,Multi-document,High,How do the workforce challenges identified for CISA's OT cybersecurity mission compare with the broader federal cybersecurity workforce challenges identified by GAO?,"Both reports identify shortages of appropriately skilled cybersecurity personnel as a significant constraint. The CISA OT report focuses specifically on insufficient OT expertise and the need to define OT competencies, assess staffing gaps, and develop strategies to fill them; the federal information-security testimony describes broader difficulties recruiting, retaining, and training cybersecurity personnel and developing agency workforce plans.",possible_present_manual_review,0.3846,The available documents do not contain enough information to answer this question.,True,incorrect_abstention,retrieval_or_evidence_failure,d24106576.pdf,2; 33,810
EQ007,3,Multi-document,High,How do the workforce challenges identified for CISA's OT cybersecurity mission compare with the broader federal cybersecurity workforce challenges identified by GAO?,"Both reports identify shortages of appropriately skilled cybersecurity personnel as a significant constraint. The CISA OT report focuses specifically on insufficient OT expertise and the need to define OT competencies, assess staffing gaps, and develop strategies to fill them; the federal information-security testimony describes broader difficulties recruiting, retaining, and training cybersecurity personnel and developing agency workforce plans.",possible_present_manual_review,0.4872,The available documents do not contain enough information to answer this question.,True,incorrect_abstention,retrieval_or_evidence_failure,d24106576.pdf,2; 33; 48,1368
EQ007,8,Multi-document,High,How do the workforce challenges identified for CISA's OT cybersecurity mission compare with the broader federal cybersecurity workforce challenges identified by GAO?,"Both reports identify shortages of appropriately skilled cybersecurity personnel as a significant constraint. The CISA OT report focuses specifically on insufficient OT expertise and the need to define OT competencies, assess staffing gaps, and develop strategies to fill them; the federal information-security testimony describes broader difficulties recruiting, retaining, and training cybersecurity personnel and developing agency workforce plans.",likely_present_lexical,0.6923,"I can provide a summary of the report, but I don't have the ability to extract specific information or answer questions based on the text. The report appears to be a government document that discusses the Cybersecurity and Infrastructure Security Agency's (CISA) efforts to address cybersecurity risks in critical infrastructure sectors.

The report highlights several key areas of focus for CISA, including:

1. Developing competency and staffing requirements
2. Conducting workforce assessments
3. Providing training and exercises for critical infrastructure owners and operators
4. Collaborating with other federal agencies to mitigate cyber OT risks

The report also notes that CISA faces challenges in implementing its cybersecurity efforts, including a lack of dedicated funding and insufficient resources.

If you have specific questions or would like me to summarize certain sections of the report, I'd be happy to try and assist you.",False,manual_review,manual_review,d24106576.pdf; gao-16-885t.pdf,10; 11; 14; 2; 32; 33; 48; 65,2219
EQ010,1,Unanswerable,High,What is the company's annual remote-work allowance for employees in the uploaded knowledge base?,"The uploaded knowledge base does not contain a company-specific annual remote-work allowance, so the question cannot be answered from the available documents.",not_detected_manual_review,0.1765,The available documents do not contain enough information to answer this question.,True,correct_abstention,correct_abstention,d24106576.pdf,66,571
EQ010,2,Unanswerable,High,What is the company's annual remote-work allowance for employees in the uploaded knowledge base?,"The uploaded knowledge base does not contain a company-specific annual remote-work allowance, so the question cannot be answered from the available documents.",not_detected_manual_review,0.1765,The available documents do not contain enough information to answer this question.,True,correct_abstention,correct_abstention,d24106576.pdf,65; 66,1191
EQ010,3,Unanswerable,High,What is the company's annual remote-work allowance for employees in the uploaded knowledge base?,"The uploaded knowledge base does not contain a company-specific annual remote-work allowance, so the question cannot be answered from the available documents.",not_detected_manual_review,0.1765,The available documents do not contain enough information to answer this question.,True,correct_abstention,correct_abstention,d24105658.pdf; d24106576.pdf,65; 66; 72,1256
EQ010,4,Unanswerable,High,What is the company's annual remote-work allowance for employees in the uploaded knowledge base?,"The uploaded knowledge base does not contain a company-specific annual remote-work allowance, so the question cannot be answered from the available documents.",not_detected_manual_review,0.1765,The available documents do not contain enough information to answer this question.,True,correct_abstention,correct_abstention,d24105658.pdf; d24106576.pdf,61; 65; 66; 72,1784
EQ010,5,Unanswerable,High,What is the company's annual remote-work allowance for employees in the uploaded knowledge base?,"The uploaded knowledge base does not contain a company-specific annual remote-work allowance, so the question cannot be answered from the available documents.",not_detected_manual_review,0.2353,The available documents do not contain enough information to answer this question.,True,correct_abstention,correct_abstention,d24105658.pdf; d24106576.pdf; d24106916.pdf,29; 61; 65; 66; 72,2252
EQ010,6,Unanswerable,High,What is the company's annual remote-work allowance for employees in the uploaded knowledge base?,"The uploaded knowledge base does not contain a company-specific annual remote-work allowance, so the question cannot be answered from the available documents.",possible_present_manual_review,0.2941,The available documents do not contain enough information to answer this question.,True,correct_abstention,correct_abstention,d24105658.pdf; d24106576.pdf; d24106916.pdf,29; 4; 61; 65; 66; 72,2384
EQ010,7,Unanswerable,High,What is the company's annual remote-work allowance for employees in the uploaded knowledge base?,"The uploaded knowledge base does not contain a company-specific annual remote-work allowance, so the question cannot be answered from the available documents.",possible_present_manual_review,0.2941,The available documents do not contain enough information to answer this question.,True,correct_abstention,correct_abstention,d24105658.pdf; d24106576.pdf; d24106916.pdf,29; 4; 58; 61; 65; 66; 72,2921
EQ010,8,Unanswerable,High,What is the company's annual remote-work allowance for employees in the uploaded knowledge base?,"The uploaded knowledge base does not contain a company-specific annual remote-work allowance, so the question cannot be answered from the available documents.",possible_present_manual_review,0.3529,The available documents do not contain enough information to answer this question.,True,correct_abstention,correct_abstention,d24105658.pdf; d24106576.pdf; d24106916.pdf,29; 31; 4; 58; 61; 65; 66; 72,3575
EQ010,9,Unanswerable,High,What is the company's annual remote-work allowance for employees in the uploaded knowledge base?,"The uploaded knowledge base does not contain a company-specific annual remote-work allowance, so the question cannot be answered from the available documents.",possible_present_manual_review,0.4118,The available documents do not contain enough information to answer this question.,True,correct_abstention,correct_abstention,d24105658.pdf; d24106576.pdf; d24106916.pdf,29; 31; 33; 4; 58; 61; 65; 66; 72,4090
EQ010,10,Unanswerable,High,What is the company's annual remote-work allowance for employees in the uploaded knowledge base?,"The uploaded knowledge base does not contain a company-specific annual remote-work allowance, so the question cannot be answered from the available documents.",possible_present_manual_review,0.4706,"I can't provide a final answer to your question as I don't have the necessary information to do so. The text you provided appears to be a snippet from a report or document, but it does not contain a specific question or problem that requires a solution. Can I help you with something else?",False,incorrect_non_abstention,unanswerable_non_abstention,d24105658.pdf; d24106576.pdf; d24106916.pdf,29; 31; 32; 33; 4; 58; 61; 65; 66; 72,2111
